--------------------------------------------------------
-- Archivo creado  - viernes-febrero-01-2019   
--------------------------------------------------------
--------------------------------------------------------
--  DDL for Table CAPITALCOM
--------------------------------------------------------

  CREATE TABLE "CAPITALCOM" 
   (	"ID_COMUNIDAD" NUMBER, 
	"ID_LOCALIDAD" NUMBER, 
	"DIACOMUNIDAD" VARCHAR2(30 BYTE)
   ) PCTFREE 10 PCTUSED 40 INITRANS 1 MAXTRANS 255 NOCOMPRESS LOGGING
  STORAGE(INITIAL 65536 NEXT 1048576 MINEXTENTS 1 MAXEXTENTS 2147483645
  PCTINCREASE 0 FREELISTS 1 FREELIST GROUPS 1 BUFFER_POOL DEFAULT)
  TABLESPACE "USERS" ;
--------------------------------------------------------
--  DDL for Table CAPITALPROV
--------------------------------------------------------

  CREATE TABLE "CAPITALPROV" 
   (	"ID_PROVINCIA" NUMBER, 
	"ID_LOCALIDAD" NUMBER, 
	"GENTILICIO" VARCHAR2(30 BYTE)
   ) PCTFREE 10 PCTUSED 40 INITRANS 1 MAXTRANS 255 NOCOMPRESS LOGGING
  STORAGE(INITIAL 65536 NEXT 1048576 MINEXTENTS 1 MAXEXTENTS 2147483645
  PCTINCREASE 0 FREELISTS 1 FREELIST GROUPS 1 BUFFER_POOL DEFAULT)
  TABLESPACE "USERS" ;
--------------------------------------------------------
--  DDL for Table COMUNIDADES
--------------------------------------------------------

  CREATE TABLE "COMUNIDADES" 
   (	"ID_COMUNIDAD" NUMBER, 
	"NOMBRE" VARCHAR2(30 BYTE), 
	"POBLACION" NUMBER, 
	"DENSIDADPOBLACION" NUMBER, 
	"SUPERFICIE" NUMBER, 
	"PIBPERCAPITA" NUMBER
   ) PCTFREE 10 PCTUSED 40 INITRANS 1 MAXTRANS 255 NOCOMPRESS LOGGING
  STORAGE(INITIAL 65536 NEXT 1048576 MINEXTENTS 1 MAXEXTENTS 2147483645
  PCTINCREASE 0 FREELISTS 1 FREELIST GROUPS 1 BUFFER_POOL DEFAULT)
  TABLESPACE "USERS" ;
--------------------------------------------------------
--  DDL for Table LOCALIDADES
--------------------------------------------------------

  CREATE TABLE "LOCALIDADES" 
   (	"ID_LOCALIDAD" NUMBER, 
	"ID_PROVINCIA" NUMBER, 
	"NOMBRE" VARCHAR2(30 BYTE), 
	"POBLACION" NUMBER
   ) PCTFREE 10 PCTUSED 40 INITRANS 1 MAXTRANS 255 NOCOMPRESS LOGGING
  STORAGE(INITIAL 65536 NEXT 1048576 MINEXTENTS 1 MAXEXTENTS 2147483645
  PCTINCREASE 0 FREELISTS 1 FREELIST GROUPS 1 BUFFER_POOL DEFAULT)
  TABLESPACE "USERS" ;
--------------------------------------------------------
--  DDL for Table PROVINCIAS
--------------------------------------------------------

  CREATE TABLE "PROVINCIAS" 
   (	"ID_PROVINCIA" NUMBER, 
	"ID_COMUNIDAD" NUMBER, 
	"NOMBRE" VARCHAR2(30 BYTE), 
	"POBLACION" NUMBER, 
	"DENSIDADPOBLACION" NUMBER, 
	"SUPERFICIE" NUMBER
   ) PCTFREE 10 PCTUSED 40 INITRANS 1 MAXTRANS 255 NOCOMPRESS LOGGING
  STORAGE(INITIAL 65536 NEXT 1048576 MINEXTENTS 1 MAXEXTENTS 2147483645
  PCTINCREASE 0 FREELISTS 1 FREELIST GROUPS 1 BUFFER_POOL DEFAULT)
  TABLESPACE "USERS" ;
REM INSERTING into CAPITALCOM
SET DEFINE OFF;
Insert into CAPITALCOM (ID_COMUNIDAD,ID_LOCALIDAD,DIACOMUNIDAD) values ('1','45','28 de Febrero');
Insert into CAPITALCOM (ID_COMUNIDAD,ID_LOCALIDAD,DIACOMUNIDAD) values ('2','54','23 de Abril');
Insert into CAPITALCOM (ID_COMUNIDAD,ID_LOCALIDAD,DIACOMUNIDAD) values ('3','34','8 de Septiembre');
Insert into CAPITALCOM (ID_COMUNIDAD,ID_LOCALIDAD,DIACOMUNIDAD) values ('4','36','1 de Marzo');
Insert into CAPITALCOM (ID_COMUNIDAD,ID_LOCALIDAD,DIACOMUNIDAD) values ('5','23','30 de Mayo');
Insert into CAPITALCOM (ID_COMUNIDAD,ID_LOCALIDAD,DIACOMUNIDAD) values ('6','42','14 de Agosto');
Insert into CAPITALCOM (ID_COMUNIDAD,ID_LOCALIDAD,DIACOMUNIDAD) values ('7','49','31 de Mayo');
Insert into CAPITALCOM (ID_COMUNIDAD,ID_LOCALIDAD,DIACOMUNIDAD) values ('8','51','23 de Abril');
Insert into CAPITALCOM (ID_COMUNIDAD,ID_LOCALIDAD,DIACOMUNIDAD) values ('9','6','11 de Septiembre');
Insert into CAPITALCOM (ID_COMUNIDAD,ID_LOCALIDAD,DIACOMUNIDAD) values ('10','50','9 de Octubre');
Insert into CAPITALCOM (ID_COMUNIDAD,ID_LOCALIDAD,DIACOMUNIDAD) values ('11','31','8 de Septiembre');
Insert into CAPITALCOM (ID_COMUNIDAD,ID_LOCALIDAD,DIACOMUNIDAD) values ('12','43','25 de Julio');
Insert into CAPITALCOM (ID_COMUNIDAD,ID_LOCALIDAD,DIACOMUNIDAD) values ('13','28','2 de Mayo');
Insert into CAPITALCOM (ID_COMUNIDAD,ID_LOCALIDAD,DIACOMUNIDAD) values ('14','32','9 de Junio');
Insert into CAPITALCOM (ID_COMUNIDAD,ID_LOCALIDAD,DIACOMUNIDAD) values ('15','37','3 de Diciembre');
Insert into CAPITALCOM (ID_COMUNIDAD,ID_LOCALIDAD,DIACOMUNIDAD) values ('16','52','25 Octubre');
Insert into CAPITALCOM (ID_COMUNIDAD,ID_LOCALIDAD,DIACOMUNIDAD) values ('17','26','9 de Junio');
Insert into CAPITALCOM (ID_COMUNIDAD,ID_LOCALIDAD,DIACOMUNIDAD) values ('18','12','2 de Septiembre');
Insert into CAPITALCOM (ID_COMUNIDAD,ID_LOCALIDAD,DIACOMUNIDAD) values ('19','30','17 de Septiembre');
REM INSERTING into CAPITALPROV
SET DEFINE OFF;
Insert into CAPITALPROV (ID_PROVINCIA,ID_LOCALIDAD,GENTILICIO) values ('1','52','vitoriano');
Insert into CAPITALPROV (ID_PROVINCIA,ID_LOCALIDAD,GENTILICIO) values ('2','1','albaceteño');
Insert into CAPITALPROV (ID_PROVINCIA,ID_LOCALIDAD,GENTILICIO) values ('3','2','alicantino');
Insert into CAPITALPROV (ID_PROVINCIA,ID_LOCALIDAD,GENTILICIO) values ('4','3','almeriense');
Insert into CAPITALPROV (ID_PROVINCIA,ID_LOCALIDAD,GENTILICIO) values ('5','4','abulense');
Insert into CAPITALPROV (ID_PROVINCIA,ID_LOCALIDAD,GENTILICIO) values ('6','5','pacense');
Insert into CAPITALPROV (ID_PROVINCIA,ID_LOCALIDAD,GENTILICIO) values ('7','36','balear');
Insert into CAPITALPROV (ID_PROVINCIA,ID_LOCALIDAD,GENTILICIO) values ('8','6','barcelonés');
Insert into CAPITALPROV (ID_PROVINCIA,ID_LOCALIDAD,GENTILICIO) values ('9','8','burgalés');
Insert into CAPITALPROV (ID_PROVINCIA,ID_LOCALIDAD,GENTILICIO) values ('10','9','cacereño');
Insert into CAPITALPROV (ID_PROVINCIA,ID_LOCALIDAD,GENTILICIO) values ('11','10','gaditano');
Insert into CAPITALPROV (ID_PROVINCIA,ID_LOCALIDAD,GENTILICIO) values ('12','11','catellonense');
Insert into CAPITALPROV (ID_PROVINCIA,ID_LOCALIDAD,GENTILICIO) values ('13','13','ciudadrealeño');
Insert into CAPITALPROV (ID_PROVINCIA,ID_LOCALIDAD,GENTILICIO) values ('14','14','cordobés');
Insert into CAPITALPROV (ID_PROVINCIA,ID_LOCALIDAD,GENTILICIO) values ('15','22','coruñes');
Insert into CAPITALPROV (ID_PROVINCIA,ID_LOCALIDAD,GENTILICIO) values ('16','15','conquense');
Insert into CAPITALPROV (ID_PROVINCIA,ID_LOCALIDAD,GENTILICIO) values ('17','16','gerundense');
Insert into CAPITALPROV (ID_PROVINCIA,ID_LOCALIDAD,GENTILICIO) values ('18','17','granadino');
Insert into CAPITALPROV (ID_PROVINCIA,ID_LOCALIDAD,GENTILICIO) values ('19','18','alcarreño');
Insert into CAPITALPROV (ID_PROVINCIA,ID_LOCALIDAD,GENTILICIO) values ('20','40','donostiarra');
Insert into CAPITALPROV (ID_PROVINCIA,ID_LOCALIDAD,GENTILICIO) values ('21','19','onubense');
Insert into CAPITALPROV (ID_PROVINCIA,ID_LOCALIDAD,GENTILICIO) values ('22','20','oscense');
Insert into CAPITALPROV (ID_PROVINCIA,ID_LOCALIDAD,GENTILICIO) values ('23','21','jienense');
Insert into CAPITALPROV (ID_PROVINCIA,ID_LOCALIDAD,GENTILICIO) values ('24','24',' leonés');
Insert into CAPITALPROV (ID_PROVINCIA,ID_LOCALIDAD,GENTILICIO) values ('25','25','leridano');
Insert into CAPITALPROV (ID_PROVINCIA,ID_LOCALIDAD,GENTILICIO) values ('26','26','logroñés');
Insert into CAPITALPROV (ID_PROVINCIA,ID_LOCALIDAD,GENTILICIO) values ('27','27','lucense');
Insert into CAPITALPROV (ID_PROVINCIA,ID_LOCALIDAD,GENTILICIO) values ('28','28','madrileño');
Insert into CAPITALPROV (ID_PROVINCIA,ID_LOCALIDAD,GENTILICIO) values ('29','29','malagueño');
Insert into CAPITALPROV (ID_PROVINCIA,ID_LOCALIDAD,GENTILICIO) values ('30','32','murciano');
Insert into CAPITALPROV (ID_PROVINCIA,ID_LOCALIDAD,GENTILICIO) values ('31','37',' pamplonés');
Insert into CAPITALPROV (ID_PROVINCIA,ID_LOCALIDAD,GENTILICIO) values ('32','33','orensano');
Insert into CAPITALPROV (ID_PROVINCIA,ID_LOCALIDAD,GENTILICIO) values ('33','34','ovetense');
Insert into CAPITALPROV (ID_PROVINCIA,ID_LOCALIDAD,GENTILICIO) values ('34','35','palentino');
Insert into CAPITALPROV (ID_PROVINCIA,ID_LOCALIDAD,GENTILICIO) values ('35','23','grancanario');
Insert into CAPITALPROV (ID_PROVINCIA,ID_LOCALIDAD,GENTILICIO) values ('36','38','pontevedrés');
Insert into CAPITALPROV (ID_PROVINCIA,ID_LOCALIDAD,GENTILICIO) values ('37','39','salamantino');
Insert into CAPITALPROV (ID_PROVINCIA,ID_LOCALIDAD,GENTILICIO) values ('38','41','tinerfeño');
Insert into CAPITALPROV (ID_PROVINCIA,ID_LOCALIDAD,GENTILICIO) values ('39','42','santanderino');
Insert into CAPITALPROV (ID_PROVINCIA,ID_LOCALIDAD,GENTILICIO) values ('40','44','segoviano');
Insert into CAPITALPROV (ID_PROVINCIA,ID_LOCALIDAD,GENTILICIO) values ('41','45','sevillano');
Insert into CAPITALPROV (ID_PROVINCIA,ID_LOCALIDAD,GENTILICIO) values ('42','46','soriano');
Insert into CAPITALPROV (ID_PROVINCIA,ID_LOCALIDAD,GENTILICIO) values ('43','47','tarraconense');
Insert into CAPITALPROV (ID_PROVINCIA,ID_LOCALIDAD,GENTILICIO) values ('44','48','turolense');
Insert into CAPITALPROV (ID_PROVINCIA,ID_LOCALIDAD,GENTILICIO) values ('45','49','toledanos');
Insert into CAPITALPROV (ID_PROVINCIA,ID_LOCALIDAD,GENTILICIO) values ('46','50','valenciano');
Insert into CAPITALPROV (ID_PROVINCIA,ID_LOCALIDAD,GENTILICIO) values ('47','51','Vallisoletano');
Insert into CAPITALPROV (ID_PROVINCIA,ID_LOCALIDAD,GENTILICIO) values ('48','7','bilbaino');
Insert into CAPITALPROV (ID_PROVINCIA,ID_LOCALIDAD,GENTILICIO) values ('49','53','zamorano');
Insert into CAPITALPROV (ID_PROVINCIA,ID_LOCALIDAD,GENTILICIO) values ('50','54','zaragozano');
Insert into CAPITALPROV (ID_PROVINCIA,ID_LOCALIDAD,GENTILICIO) values ('51','12','ceutí');
Insert into CAPITALPROV (ID_PROVINCIA,ID_LOCALIDAD,GENTILICIO) values ('52','30','melillense');
REM INSERTING into COMUNIDADES
SET DEFINE OFF;
Insert into COMUNIDADES (ID_COMUNIDAD,NOMBRE,POBLACION,DENSIDADPOBLACION,SUPERFICIE,PIBPERCAPITA) values ('1','Andalucia','8402305','96,35','87599','16884');
Insert into COMUNIDADES (ID_COMUNIDAD,NOMBRE,POBLACION,DENSIDADPOBLACION,SUPERFICIE,PIBPERCAPITA) values ('2','Aragón','1325385','28,23','47720','24957');
Insert into COMUNIDADES (ID_COMUNIDAD,NOMBRE,POBLACION,DENSIDADPOBLACION,SUPERFICIE,PIBPERCAPITA) values ('3','Asturias','1050917','100,73','10604','20334');
Insert into COMUNIDADES (ID_COMUNIDAD,NOMBRE,POBLACION,DENSIDADPOBLACION,SUPERFICIE,PIBPERCAPITA) values ('4','Islas Baleares','1103442','222,69','4992','23931');
Insert into COMUNIDADES (ID_COMUNIDAD,NOMBRE,POBLACION,DENSIDADPOBLACION,SUPERFICIE,PIBPERCAPITA) values ('5','Canarias','2104815','284,5','7447','19581');
Insert into COMUNIDADES (ID_COMUNIDAD,NOMBRE,POBLACION,DENSIDADPOBLACION,SUPERFICIE,PIBPERCAPITA) values ('6','Cantabria','588656','111,24','5321','20855');
Insert into COMUNIDADES (ID_COMUNIDAD,NOMBRE,POBLACION,DENSIDADPOBLACION,SUPERFICIE,PIBPERCAPITA) values ('7','Castilla la Mancha','2078611','26,44','79461','18307');
Insert into COMUNIDADES (ID_COMUNIDAD,NOMBRE,POBLACION,DENSIDADPOBLACION,SUPERFICIE,PIBPERCAPITA) values ('8','Castilla León','2494790','26,74','94224','21727');
Insert into COMUNIDADES (ID_COMUNIDAD,NOMBRE,POBLACION,DENSIDADPOBLACION,SUPERFICIE,PIBPERCAPITA) values ('9','Cataluña','7518903','235,22','32113','26996');
Insert into COMUNIDADES (ID_COMUNIDAD,NOMBRE,POBLACION,DENSIDADPOBLACION,SUPERFICIE,PIBPERCAPITA) values ('10','Comunidad Valenciana','5004844','229,9','23255','20073');
Insert into COMUNIDADES (ID_COMUNIDAD,NOMBRE,POBLACION,DENSIDADPOBLACION,SUPERFICIE,PIBPERCAPITA) values ('11','Extremadura','1099632','26,52','41634','15752');
Insert into COMUNIDADES (ID_COMUNIDAD,NOMBRE,POBLACION,DENSIDADPOBLACION,SUPERFICIE,PIBPERCAPITA) values ('12','Galicia','2748695','93,52','29575','19954');
Insert into COMUNIDADES (ID_COMUNIDAD,NOMBRE,POBLACION,DENSIDADPOBLACION,SUPERFICIE,PIBPERCAPITA) values ('13','Comunidad Madrid','6454440','809,11','8028','31004');
Insert into COMUNIDADES (ID_COMUNIDAD,NOMBRE,POBLACION,DENSIDADPOBLACION,SUPERFICIE,PIBPERCAPITA) values ('14','Murcia','1466818','130,11','11314','18529');
Insert into COMUNIDADES (ID_COMUNIDAD,NOMBRE,POBLACION,DENSIDADPOBLACION,SUPERFICIE,PIBPERCAPITA) values ('15','Navarra','640790','62,02','10391','28124');
Insert into COMUNIDADES (ID_COMUNIDAD,NOMBRE,POBLACION,DENSIDADPOBLACION,SUPERFICIE,PIBPERCAPITA) values ('16','Pais Vasco','2188985','302,97','7234','29683');
Insert into COMUNIDADES (ID_COMUNIDAD,NOMBRE,POBLACION,DENSIDADPOBLACION,SUPERFICIE,PIBPERCAPITA) values ('17','La Rioja','319002','63,83','5045','24998');
Insert into COMUNIDADES (ID_COMUNIDAD,NOMBRE,POBLACION,DENSIDADPOBLACION,SUPERFICIE,PIBPERCAPITA) values ('18','Ceuta','84963','4409','20','18550');
Insert into COMUNIDADES (ID_COMUNIDAD,NOMBRE,POBLACION,DENSIDADPOBLACION,SUPERFICIE,PIBPERCAPITA) values ('19','Melilla','84509','6803,17','12','16941');
REM INSERTING into LOCALIDADES
SET DEFINE OFF;
Insert into LOCALIDADES (ID_LOCALIDAD,ID_PROVINCIA,NOMBRE,POBLACION) values ('1','2','Albacete','172487');
Insert into LOCALIDADES (ID_LOCALIDAD,ID_PROVINCIA,NOMBRE,POBLACION) values ('2','3','Alicante','332067');
Insert into LOCALIDADES (ID_LOCALIDAD,ID_PROVINCIA,NOMBRE,POBLACION) values ('3','4','Almería','193351');
Insert into LOCALIDADES (ID_LOCALIDAD,ID_PROVINCIA,NOMBRE,POBLACION) values ('4','5','Ávila','58933');
Insert into LOCALIDADES (ID_LOCALIDAD,ID_PROVINCIA,NOMBRE,POBLACION) values ('5','6','Badajoz','150517');
Insert into LOCALIDADES (ID_LOCALIDAD,ID_PROVINCIA,NOMBRE,POBLACION) values ('6','8','Barcelona','1602386');
Insert into LOCALIDADES (ID_LOCALIDAD,ID_PROVINCIA,NOMBRE,POBLACION) values ('7','48','Bilbao','346574');
Insert into LOCALIDADES (ID_LOCALIDAD,ID_PROVINCIA,NOMBRE,POBLACION) values ('8','9','Burgos','177776');
Insert into LOCALIDADES (ID_LOCALIDAD,ID_PROVINCIA,NOMBRE,POBLACION) values ('9','10','Caceres','95855');
Insert into LOCALIDADES (ID_LOCALIDAD,ID_PROVINCIA,NOMBRE,POBLACION) values ('10','11','Cádiz','121739');
Insert into LOCALIDADES (ID_LOCALIDAD,ID_PROVINCIA,NOMBRE,POBLACION) values ('11','12','Castellón de la Plana','173841');
Insert into LOCALIDADES (ID_LOCALIDAD,ID_PROVINCIA,NOMBRE,POBLACION) values ('12','51','Ceuta','84963');
Insert into LOCALIDADES (ID_LOCALIDAD,ID_PROVINCIA,NOMBRE,POBLACION) values ('13','13','Ciudad Real','74960');
Insert into LOCALIDADES (ID_LOCALIDAD,ID_PROVINCIA,NOMBRE,POBLACION) values ('14','14','Córdoba','328041');
Insert into LOCALIDADES (ID_LOCALIDAD,ID_PROVINCIA,NOMBRE,POBLACION) values ('15','16','Cuenca','55738');
Insert into LOCALIDADES (ID_LOCALIDAD,ID_PROVINCIA,NOMBRE,POBLACION) values ('16','17','Gerona','97227');
Insert into LOCALIDADES (ID_LOCALIDAD,ID_PROVINCIA,NOMBRE,POBLACION) values ('17','18','Granada','237540');
Insert into LOCALIDADES (ID_LOCALIDAD,ID_PROVINCIA,NOMBRE,POBLACION) values ('18','19','Guadalajara','83720');
Insert into LOCALIDADES (ID_LOCALIDAD,ID_PROVINCIA,NOMBRE,POBLACION) values ('19','21','Huelva','147212');
Insert into LOCALIDADES (ID_LOCALIDAD,ID_PROVINCIA,NOMBRE,POBLACION) values ('20','22','Huesca','52555');
Insert into LOCALIDADES (ID_LOCALIDAD,ID_PROVINCIA,NOMBRE,POBLACION) values ('21','23','Jaén','115837');
Insert into LOCALIDADES (ID_LOCALIDAD,ID_PROVINCIA,NOMBRE,POBLACION) values ('22','15','La Coruña','244810');
Insert into LOCALIDADES (ID_LOCALIDAD,ID_PROVINCIA,NOMBRE,POBLACION) values ('23','35','Las Palmas de Gran Canaria','382283');
Insert into LOCALIDADES (ID_LOCALIDAD,ID_PROVINCIA,NOMBRE,POBLACION) values ('24','24','León','129551');
Insert into LOCALIDADES (ID_LOCALIDAD,ID_PROVINCIA,NOMBRE,POBLACION) values ('25','25','Lérida','139176');
Insert into LOCALIDADES (ID_LOCALIDAD,ID_PROVINCIA,NOMBRE,POBLACION) values ('26','26','Logroño','151962');
Insert into LOCALIDADES (ID_LOCALIDAD,ID_PROVINCIA,NOMBRE,POBLACION) values ('27','27','Lugo','98560');
Insert into LOCALIDADES (ID_LOCALIDAD,ID_PROVINCIA,NOMBRE,POBLACION) values ('28','28','Madrid','3151689');
Insert into LOCALIDADES (ID_LOCALIDAD,ID_PROVINCIA,NOMBRE,POBLACION) values ('29','29','Málaga','566913');
Insert into LOCALIDADES (ID_LOCALIDAD,ID_PROVINCIA,NOMBRE,POBLACION) values ('30','52','Melilla','84509');
Insert into LOCALIDADES (ID_LOCALIDAD,ID_PROVINCIA,NOMBRE,POBLACION) values ('31','6','Mérida','59049');
Insert into LOCALIDADES (ID_LOCALIDAD,ID_PROVINCIA,NOMBRE,POBLACION) values ('32','30','Murcia','439712');
Insert into LOCALIDADES (ID_LOCALIDAD,ID_PROVINCIA,NOMBRE,POBLACION) values ('33','32','Orense','106905');
Insert into LOCALIDADES (ID_LOCALIDAD,ID_PROVINCIA,NOMBRE,POBLACION) values ('34','33','Oviedo','223765');
Insert into LOCALIDADES (ID_LOCALIDAD,ID_PROVINCIA,NOMBRE,POBLACION) values ('35','34','Palencia','80178');
Insert into LOCALIDADES (ID_LOCALIDAD,ID_PROVINCIA,NOMBRE,POBLACION) values ('36','7','Palma de Mallorca','399093');
Insert into LOCALIDADES (ID_LOCALIDAD,ID_PROVINCIA,NOMBRE,POBLACION) values ('37','31','Pamplona','196166');
Insert into LOCALIDADES (ID_LOCALIDAD,ID_PROVINCIA,NOMBRE,POBLACION) values ('38','36','Pontevedra','82946');
Insert into LOCALIDADES (ID_LOCALIDAD,ID_PROVINCIA,NOMBRE,POBLACION) values ('39','37','Salamanca','148042');
Insert into LOCALIDADES (ID_LOCALIDAD,ID_PROVINCIA,NOMBRE,POBLACION) values ('40','20','San Sebastián','186126');
Insert into LOCALIDADES (ID_LOCALIDAD,ID_PROVINCIA,NOMBRE,POBLACION) values ('41','38','Santa Cruz de Tenerife','205279');
Insert into LOCALIDADES (ID_LOCALIDAD,ID_PROVINCIA,NOMBRE,POBLACION) values ('42','39','Santander','175736');
Insert into LOCALIDADES (ID_LOCALIDAD,ID_PROVINCIA,NOMBRE,POBLACION) values ('43','15','Santiago de Compostela','95800');
Insert into LOCALIDADES (ID_LOCALIDAD,ID_PROVINCIA,NOMBRE,POBLACION) values ('44','40','Segovia','53260');
Insert into LOCALIDADES (ID_LOCALIDAD,ID_PROVINCIA,NOMBRE,POBLACION) values ('45','41','Sevilla','696676');
Insert into LOCALIDADES (ID_LOCALIDAD,ID_PROVINCIA,NOMBRE,POBLACION) values ('46','42','Soria','39516');
Insert into LOCALIDADES (ID_LOCALIDAD,ID_PROVINCIA,NOMBRE,POBLACION) values ('47','43','Tarragona','132199');
Insert into LOCALIDADES (ID_LOCALIDAD,ID_PROVINCIA,NOMBRE,POBLACION) values ('48','44','Teruel','35675');
Insert into LOCALIDADES (ID_LOCALIDAD,ID_PROVINCIA,NOMBRE,POBLACION) values ('49','45','Toledo','83334');
Insert into LOCALIDADES (ID_LOCALIDAD,ID_PROVINCIA,NOMBRE,POBLACION) values ('50','46','Valencia','786424');
Insert into LOCALIDADES (ID_LOCALIDAD,ID_PROVINCIA,NOMBRE,POBLACION) values ('51','47','Valladolid','306830');
Insert into LOCALIDADES (ID_LOCALIDAD,ID_PROVINCIA,NOMBRE,POBLACION) values ('52','1','Vitoria','242082');
Insert into LOCALIDADES (ID_LOCALIDAD,ID_PROVINCIA,NOMBRE,POBLACION) values ('53','49','Zamora','64423');
Insert into LOCALIDADES (ID_LOCALIDAD,ID_PROVINCIA,NOMBRE,POBLACION) values ('54','50','Zaragoza','666058');
Insert into LOCALIDADES (ID_LOCALIDAD,ID_PROVINCIA,NOMBRE,POBLACION) values ('55','36','Vigo','294098');
Insert into LOCALIDADES (ID_LOCALIDAD,ID_PROVINCIA,NOMBRE,POBLACION) values ('56','33','Gijón','274290');
Insert into LOCALIDADES (ID_LOCALIDAD,ID_PROVINCIA,NOMBRE,POBLACION) values ('57','8','	Hospitalet de Llobregat','252171');
Insert into LOCALIDADES (ID_LOCALIDAD,ID_PROVINCIA,NOMBRE,POBLACION) values ('58','3','Elche','227312');
Insert into LOCALIDADES (ID_LOCALIDAD,ID_PROVINCIA,NOMBRE,POBLACION) values ('59',null,'Cartagena','216301');
Insert into LOCALIDADES (ID_LOCALIDAD,ID_PROVINCIA,NOMBRE,POBLACION) values ('60',null,'Badalona','215654');
Insert into LOCALIDADES (ID_LOCALIDAD,ID_PROVINCIA,NOMBRE,POBLACION) values ('61',null,'Tarrasa','215214');
Insert into LOCALIDADES (ID_LOCALIDAD,ID_PROVINCIA,NOMBRE,POBLACION) values ('62',null,'Jerez de la Frontera','212876');
Insert into LOCALIDADES (ID_LOCALIDAD,ID_PROVINCIA,NOMBRE,POBLACION) values ('63',null,'Sadadell','207814');
Insert into LOCALIDADES (ID_LOCALIDAD,ID_PROVINCIA,NOMBRE,POBLACION) values ('64',null,'Móstoles','206263');
Insert into LOCALIDADES (ID_LOCALIDAD,ID_PROVINCIA,NOMBRE,POBLACION) values ('65',null,'Alcalá de Henares','198750');
Insert into LOCALIDADES (ID_LOCALIDAD,ID_PROVINCIA,NOMBRE,POBLACION) values ('66',null,'Fuenlabrada','195180');
Insert into LOCALIDADES (ID_LOCALIDAD,ID_PROVINCIA,NOMBRE,POBLACION) values ('67',null,'Leganés','186907');
Insert into LOCALIDADES (ID_LOCALIDAD,ID_PROVINCIA,NOMBRE,POBLACION) values ('68',null,'Getafe','174921');
Insert into LOCALIDADES (ID_LOCALIDAD,ID_PROVINCIA,NOMBRE,POBLACION) values ('69',null,'	Alcorcón','167136');
Insert into LOCALIDADES (ID_LOCALIDAD,ID_PROVINCIA,NOMBRE,POBLACION) values ('70',null,'San Cristóbal de la Laguna','152843');
Insert into LOCALIDADES (ID_LOCALIDAD,ID_PROVINCIA,NOMBRE,POBLACION) values ('71',null,'Marbella','139537');
Insert into LOCALIDADES (ID_LOCALIDAD,ID_PROVINCIA,NOMBRE,POBLACION) values ('72',null,'Dos Hermanas','131317');
Insert into LOCALIDADES (ID_LOCALIDAD,ID_PROVINCIA,NOMBRE,POBLACION) values ('73',null,'Torrejón de Ardoz','126934');
Insert into LOCALIDADES (ID_LOCALIDAD,ID_PROVINCIA,NOMBRE,POBLACION) values ('74',null,'Parla','125056');
Insert into LOCALIDADES (ID_LOCALIDAD,ID_PROVINCIA,NOMBRE,POBLACION) values ('75',null,'Mataró','124867');
Insert into LOCALIDADES (ID_LOCALIDAD,ID_PROVINCIA,NOMBRE,POBLACION) values ('76',null,'Algeciras','118920');
Insert into LOCALIDADES (ID_LOCALIDAD,ID_PROVINCIA,NOMBRE,POBLACION) values ('77',null,'Santa Coloma de Gramanet','116950');
Insert into LOCALIDADES (ID_LOCALIDAD,ID_PROVINCIA,NOMBRE,POBLACION) values ('78',null,'	Alcobendas','113055');
Insert into LOCALIDADES (ID_LOCALIDAD,ID_PROVINCIA,NOMBRE,POBLACION) values ('79',null,'Reus','103194');
Insert into LOCALIDADES (ID_LOCALIDAD,ID_PROVINCIA,NOMBRE,POBLACION) values ('80',null,'	Telde','102078');
Insert into LOCALIDADES (ID_LOCALIDAD,ID_PROVINCIA,NOMBRE,POBLACION) values ('81',null,'Baracaldo','100228');
REM INSERTING into PROVINCIAS
SET DEFINE OFF;
Insert into PROVINCIAS (ID_PROVINCIA,ID_COMUNIDAD,NOMBRE,POBLACION,DENSIDADPOBLACION,SUPERFICIE) values ('52','19','Melilla','84621','6315','13');
Insert into PROVINCIAS (ID_PROVINCIA,ID_COMUNIDAD,NOMBRE,POBLACION,DENSIDADPOBLACION,SUPERFICIE) values ('1','16','Álava','321932','106','3037');
Insert into PROVINCIAS (ID_PROVINCIA,ID_COMUNIDAD,NOMBRE,POBLACION,DENSIDADPOBLACION,SUPERFICIE) values ('51','18','Ceuta','84726','4579,78','18');
Insert into PROVINCIAS (ID_PROVINCIA,ID_COMUNIDAD,NOMBRE,POBLACION,DENSIDADPOBLACION,SUPERFICIE) values ('8','9','Barcelona','5427322','701,84','7733');
Insert into PROVINCIAS (ID_PROVINCIA,ID_COMUNIDAD,NOMBRE,POBLACION,DENSIDADPOBLACION,SUPERFICIE) values ('2','7','Albacete','395007','26,46','14966');
Insert into PROVINCIAS (ID_PROVINCIA,ID_COMUNIDAD,NOMBRE,POBLACION,DENSIDADPOBLACION,SUPERFICIE) values ('3','10','Alicante','1842963','316,82','5817');
Insert into PROVINCIAS (ID_PROVINCIA,ID_COMUNIDAD,NOMBRE,POBLACION,DENSIDADPOBLACION,SUPERFICIE) values ('4','1','Almeria','690851','78,73','8775');
Insert into PROVINCIAS (ID_PROVINCIA,ID_COMUNIDAD,NOMBRE,POBLACION,DENSIDADPOBLACION,SUPERFICIE) values ('5','8','Ávila','165786','20,59','8050');
Insert into PROVINCIAS (ID_PROVINCIA,ID_COMUNIDAD,NOMBRE,POBLACION,DENSIDADPOBLACION,SUPERFICIE) values ('6','11','Badajoz','686032','31,52','21766');
Insert into PROVINCIAS (ID_PROVINCIA,ID_COMUNIDAD,NOMBRE,POBLACION,DENSIDADPOBLACION,SUPERFICIE) values ('7','4','Islas Baleares','1124744','225,35','4991');
Insert into PROVINCIAS (ID_PROVINCIA,ID_COMUNIDAD,NOMBRE,POBLACION,DENSIDADPOBLACION,SUPERFICIE) values ('9','8','Burgos','366900','26,17','14022');
Insert into PROVINCIAS (ID_PROVINCIA,ID_COMUNIDAD,NOMBRE,POBLACION,DENSIDADPOBLACION,SUPERFICIE) values ('10','11','Cáceres','405560','20,41','19868');
Insert into PROVINCIAS (ID_PROVINCIA,ID_COMUNIDAD,NOMBRE,POBLACION,DENSIDADPOBLACION,SUPERFICIE) values ('11','1','Cádiz','1248625','167,82','7440');
Insert into PROVINCIAS (ID_PROVINCIA,ID_COMUNIDAD,NOMBRE,POBLACION,DENSIDADPOBLACION,SUPERFICIE) values ('12','10','Castellón','574906','86,63','6636');
Insert into PROVINCIAS (ID_PROVINCIA,ID_COMUNIDAD,NOMBRE,POBLACION,DENSIDADPOBLACION,SUPERFICIE) values ('13','7','Ciudad Real','514543','25,97','19813');
Insert into PROVINCIAS (ID_PROVINCIA,ID_COMUNIDAD,NOMBRE,POBLACION,DENSIDADPOBLACION,SUPERFICIE) values ('14','1','Córdoba','795718','57,78','13771');
Insert into PROVINCIAS (ID_PROVINCIA,ID_COMUNIDAD,NOMBRE,POBLACION,DENSIDADPOBLACION,SUPERFICIE) values ('15','12','La Coruña','1128807','141,99','7950');
Insert into PROVINCIAS (ID_PROVINCIA,ID_COMUNIDAD,NOMBRE,POBLACION,DENSIDADPOBLACION,SUPERFICIE) values ('16','7','Cuenca','206653','12,06','17140');
Insert into PROVINCIAS (ID_PROVINCIA,ID_COMUNIDAD,NOMBRE,POBLACION,DENSIDADPOBLACION,SUPERFICIE) values ('17','9','Gerona','740537','125,32','5909');
Insert into PROVINCIAS (ID_PROVINCIA,ID_COMUNIDAD,NOMBRE,POBLACION,DENSIDADPOBLACION,SUPERFICIE) values ('18','1','Granada','919329','72,69','12646');
Insert into PROVINCIAS (ID_PROVINCIA,ID_COMUNIDAD,NOMBRE,POBLACION,DENSIDADPOBLACION,SUPERFICIE) values ('19','7','Guadalajara','254388','20,83','12214');
Insert into PROVINCIAS (ID_PROVINCIA,ID_COMUNIDAD,NOMBRE,POBLACION,DENSIDADPOBLACION,SUPERFICIE) values ('20','16','Guipúzcoa','707298','354,18','1997');
Insert into PROVINCIAS (ID_PROVINCIA,ID_COMUNIDAD,NOMBRE,POBLACION,DENSIDADPOBLACION,SUPERFICIE) values ('21','1','Huelva','522216','51,57','10127');
Insert into PROVINCIAS (ID_PROVINCIA,ID_COMUNIDAD,NOMBRE,POBLACION,DENSIDADPOBLACION,SUPERFICIE) values ('22','2','Huesca','221942','14,19','15636');
Insert into PROVINCIAS (ID_PROVINCIA,ID_COMUNIDAD,NOMBRE,POBLACION,DENSIDADPOBLACION,SUPERFICIE) values ('23','1','Jaén','652253','48,33','13496');
Insert into PROVINCIAS (ID_PROVINCIA,ID_COMUNIDAD,NOMBRE,POBLACION,DENSIDADPOBLACION,SUPERFICIE) values ('24','8','León','480209','30,82','15580');
Insert into PROVINCIAS (ID_PROVINCIA,ID_COMUNIDAD,NOMBRE,POBLACION,DENSIDADPOBLACION,SUPERFICIE) values ('25','9','Lérida','430655','35,38','12172');
Insert into PROVINCIAS (ID_PROVINCIA,ID_COMUNIDAD,NOMBRE,POBLACION,DENSIDADPOBLACION,SUPERFICIE) values ('26','17','La Rioja','319002','62,16','5045');
Insert into PROVINCIAS (ID_PROVINCIA,ID_COMUNIDAD,NOMBRE,POBLACION,DENSIDADPOBLACION,SUPERFICIE) values ('27','12','Lugo','338873','34,38','9856');
Insert into PROVINCIAS (ID_PROVINCIA,ID_COMUNIDAD,NOMBRE,POBLACION,DENSIDADPOBLACION,SUPERFICIE) values ('28','13','Madrid','6377364','794,48','8027');
Insert into PROVINCIAS (ID_PROVINCIA,ID_COMUNIDAD,NOMBRE,POBLACION,DENSIDADPOBLACION,SUPERFICIE) values ('29','1','Málaga','1632949','223,51','7306');
Insert into PROVINCIAS (ID_PROVINCIA,ID_COMUNIDAD,NOMBRE,POBLACION,DENSIDADPOBLACION,SUPERFICIE) values ('30','14','Murcia','1463249','129,34','11313');
Insert into PROVINCIAS (ID_PROVINCIA,ID_COMUNIDAD,NOMBRE,POBLACION,DENSIDADPOBLACION,SUPERFICIE) values ('31','15','Navarra','636638','61,27','10391');
Insert into PROVINCIAS (ID_PROVINCIA,ID_COMUNIDAD,NOMBRE,POBLACION,DENSIDADPOBLACION,SUPERFICIE) values ('32','12','Orense','318739','43,82','7273');
Insert into PROVINCIAS (ID_PROVINCIA,ID_COMUNIDAD,NOMBRE,POBLACION,DENSIDADPOBLACION,SUPERFICIE) values ('33','3','Asturias','1041754','98,25','10603');
Insert into PROVINCIAS (ID_PROVINCIA,ID_COMUNIDAD,NOMBRE,POBLACION,DENSIDADPOBLACION,SUPERFICIE) values ('34','8','Palencia','165782','20,59','8052');
Insert into PROVINCIAS (ID_PROVINCIA,ID_COMUNIDAD,NOMBRE,POBLACION,DENSIDADPOBLACION,SUPERFICIE) values ('35','5','Las Palmas','1106779','272,27','4065');
Insert into PROVINCIAS (ID_PROVINCIA,ID_COMUNIDAD,NOMBRE,POBLACION,DENSIDADPOBLACION,SUPERFICIE) values ('36','12','Pontevedra','948496','211,09','4494');
Insert into PROVINCIAS (ID_PROVINCIA,ID_COMUNIDAD,NOMBRE,POBLACION,DENSIDADPOBLACION,SUPERFICIE) values ('37','8','Salamanca','342045','27,7','12349');
Insert into PROVINCIAS (ID_PROVINCIA,ID_COMUNIDAD,NOMBRE,POBLACION,DENSIDADPOBLACION,SUPERFICIE) values ('38','5','Santa Cruz de Tenerife','1021868','302,24','3381');
Insert into PROVINCIAS (ID_PROVINCIA,ID_COMUNIDAD,NOMBRE,POBLACION,DENSIDADPOBLACION,SUPERFICIE) values ('39','6','Cantabria','588656','110,63','5321');
Insert into PROVINCIAS (ID_PROVINCIA,ID_COMUNIDAD,NOMBRE,POBLACION,DENSIDADPOBLACION,SUPERFICIE) values ('40','8','Segovia','158085','22,84','6920');
Insert into PROVINCIAS (ID_PROVINCIA,ID_COMUNIDAD,NOMBRE,POBLACION,DENSIDADPOBLACION,SUPERFICIE) values ('41','1','Sevilla','1939625','138,19','14036');
Insert into PROVINCIAS (ID_PROVINCIA,ID_COMUNIDAD,NOMBRE,POBLACION,DENSIDADPOBLACION,SUPERFICIE) values ('42','8','Soria','92221','111,77','10306');
Insert into PROVINCIAS (ID_PROVINCIA,ID_COMUNIDAD,NOMBRE,POBLACION,DENSIDADPOBLACION,SUPERFICIE) values ('43','9','Tarragona','792619','125,77','6302');
Insert into PROVINCIAS (ID_PROVINCIA,ID_COMUNIDAD,NOMBRE,POBLACION,DENSIDADPOBLACION,SUPERFICIE) values ('44','2','Teruel','137838','9,31','14809');
Insert into PROVINCIAS (ID_PROVINCIA,ID_COMUNIDAD,NOMBRE,POBLACION,DENSIDADPOBLACION,SUPERFICIE) values ('45','7','Toledo','699136','45,49','15369');
Insert into PROVINCIAS (ID_PROVINCIA,ID_COMUNIDAD,NOMBRE,POBLACION,DENSIDADPOBLACION,SUPERFICIE) values ('46','10','Valencia','2521681','233,34','10807');
Insert into PROVINCIAS (ID_PROVINCIA,ID_COMUNIDAD,NOMBRE,POBLACION,DENSIDADPOBLACION,SUPERFICIE) values ('47','8','Valladolid','527508','65,04','81180');
Insert into PROVINCIAS (ID_PROVINCIA,ID_COMUNIDAD,NOMBRE,POBLACION,DENSIDADPOBLACION,SUPERFICIE) values ('48','16','Vizcaya','1151905','519,58','2217');
Insert into PROVINCIAS (ID_PROVINCIA,ID_COMUNIDAD,NOMBRE,POBLACION,DENSIDADPOBLACION,SUPERFICIE) values ('49','8','Zamora','184238','17,45','10561');
Insert into PROVINCIAS (ID_PROVINCIA,ID_COMUNIDAD,NOMBRE,POBLACION,DENSIDADPOBLACION,SUPERFICIE) values ('50','2','Zaragoza','960111','55,58','17274');
--------------------------------------------------------
--  DDL for Index CAPITALESCOM_PK
--------------------------------------------------------

  CREATE UNIQUE INDEX "CAPITALESCOM_PK" ON "CAPITALCOM" ("ID_COMUNIDAD", "ID_LOCALIDAD") 
  PCTFREE 10 INITRANS 2 MAXTRANS 255 
  STORAGE(INITIAL 65536 NEXT 1048576 MINEXTENTS 1 MAXEXTENTS 2147483645
  PCTINCREASE 0 FREELISTS 1 FREELIST GROUPS 1 BUFFER_POOL DEFAULT)
  TABLESPACE "USERS" ;
--------------------------------------------------------
--  DDL for Index COMUNIDADESPROV_PK
--------------------------------------------------------

  CREATE UNIQUE INDEX "COMUNIDADESPROV_PK" ON "CAPITALPROV" ("ID_PROVINCIA", "ID_LOCALIDAD") 
  PCTFREE 10 INITRANS 2 MAXTRANS 255 
  STORAGE(INITIAL 65536 NEXT 1048576 MINEXTENTS 1 MAXEXTENTS 2147483645
  PCTINCREASE 0 FREELISTS 1 FREELIST GROUPS 1 BUFFER_POOL DEFAULT)
  TABLESPACE "USERS" ;
--------------------------------------------------------
--  DDL for Index COMUNIDADES_PK
--------------------------------------------------------

  CREATE UNIQUE INDEX "COMUNIDADES_PK" ON "COMUNIDADES" ("ID_COMUNIDAD") 
  PCTFREE 10 INITRANS 2 MAXTRANS 255 
  STORAGE(INITIAL 65536 NEXT 1048576 MINEXTENTS 1 MAXEXTENTS 2147483645
  PCTINCREASE 0 FREELISTS 1 FREELIST GROUPS 1 BUFFER_POOL DEFAULT)
  TABLESPACE "USERS" ;
--------------------------------------------------------
--  DDL for Index LOCALIDADES_PK
--------------------------------------------------------

  CREATE UNIQUE INDEX "LOCALIDADES_PK" ON "LOCALIDADES" ("ID_LOCALIDAD") 
  PCTFREE 10 INITRANS 2 MAXTRANS 255 
  STORAGE(INITIAL 65536 NEXT 1048576 MINEXTENTS 1 MAXEXTENTS 2147483645
  PCTINCREASE 0 FREELISTS 1 FREELIST GROUPS 1 BUFFER_POOL DEFAULT)
  TABLESPACE "USERS" ;
--------------------------------------------------------
--  DDL for Index PROVINCIAS_PK
--------------------------------------------------------

  CREATE UNIQUE INDEX "PROVINCIAS_PK" ON "PROVINCIAS" ("ID_PROVINCIA") 
  PCTFREE 10 INITRANS 2 MAXTRANS 255 
  STORAGE(INITIAL 65536 NEXT 1048576 MINEXTENTS 1 MAXEXTENTS 2147483645
  PCTINCREASE 0 FREELISTS 1 FREELIST GROUPS 1 BUFFER_POOL DEFAULT)
  TABLESPACE "USERS" ;
--------------------------------------------------------
--  Constraints for Table CAPITALCOM
--------------------------------------------------------

  ALTER TABLE "CAPITALCOM" ADD CONSTRAINT "CAPITALESCOM_PK" PRIMARY KEY ("ID_COMUNIDAD", "ID_LOCALIDAD")
  USING INDEX PCTFREE 10 INITRANS 2 MAXTRANS 255 
  STORAGE(INITIAL 65536 NEXT 1048576 MINEXTENTS 1 MAXEXTENTS 2147483645
  PCTINCREASE 0 FREELISTS 1 FREELIST GROUPS 1 BUFFER_POOL DEFAULT)
  TABLESPACE "USERS"  ENABLE;
--------------------------------------------------------
--  Constraints for Table CAPITALPROV
--------------------------------------------------------

  ALTER TABLE "CAPITALPROV" ADD CONSTRAINT "COMUNIDADESPROV_PK" PRIMARY KEY ("ID_PROVINCIA", "ID_LOCALIDAD")
  USING INDEX PCTFREE 10 INITRANS 2 MAXTRANS 255 
  STORAGE(INITIAL 65536 NEXT 1048576 MINEXTENTS 1 MAXEXTENTS 2147483645
  PCTINCREASE 0 FREELISTS 1 FREELIST GROUPS 1 BUFFER_POOL DEFAULT)
  TABLESPACE "USERS"  ENABLE;
--------------------------------------------------------
--  Constraints for Table COMUNIDADES
--------------------------------------------------------

  ALTER TABLE "COMUNIDADES" ADD CONSTRAINT "COMUNIDADES_PK" PRIMARY KEY ("ID_COMUNIDAD")
  USING INDEX PCTFREE 10 INITRANS 2 MAXTRANS 255 
  STORAGE(INITIAL 65536 NEXT 1048576 MINEXTENTS 1 MAXEXTENTS 2147483645
  PCTINCREASE 0 FREELISTS 1 FREELIST GROUPS 1 BUFFER_POOL DEFAULT)
  TABLESPACE "USERS"  ENABLE;
--------------------------------------------------------
--  Constraints for Table LOCALIDADES
--------------------------------------------------------

  ALTER TABLE "LOCALIDADES" ADD CONSTRAINT "LOCALIDADES_PK" PRIMARY KEY ("ID_LOCALIDAD")
  USING INDEX PCTFREE 10 INITRANS 2 MAXTRANS 255 
  STORAGE(INITIAL 65536 NEXT 1048576 MINEXTENTS 1 MAXEXTENTS 2147483645
  PCTINCREASE 0 FREELISTS 1 FREELIST GROUPS 1 BUFFER_POOL DEFAULT)
  TABLESPACE "USERS"  ENABLE;
--------------------------------------------------------
--  Constraints for Table PROVINCIAS
--------------------------------------------------------

  ALTER TABLE "PROVINCIAS" ADD CONSTRAINT "PROVINCIAS_PK" PRIMARY KEY ("ID_PROVINCIA")
  USING INDEX PCTFREE 10 INITRANS 2 MAXTRANS 255 
  STORAGE(INITIAL 65536 NEXT 1048576 MINEXTENTS 1 MAXEXTENTS 2147483645
  PCTINCREASE 0 FREELISTS 1 FREELIST GROUPS 1 BUFFER_POOL DEFAULT)
  TABLESPACE "USERS"  ENABLE;
--------------------------------------------------------
--  Ref Constraints for Table CAPITALCOM
--------------------------------------------------------

  ALTER TABLE "CAPITALCOM" ADD CONSTRAINT "ID_CAPITALCOMCOMUNIDAD_FK" FOREIGN KEY ("ID_COMUNIDAD")
	  REFERENCES "COMUNIDADES" ("ID_COMUNIDAD") ENABLE;
 
  ALTER TABLE "CAPITALCOM" ADD CONSTRAINT "ID_CAPITALCOMLOCALIDAD_FK" FOREIGN KEY ("ID_LOCALIDAD")
	  REFERENCES "LOCALIDADES" ("ID_LOCALIDAD") ENABLE;
--------------------------------------------------------
--  Ref Constraints for Table CAPITALPROV
--------------------------------------------------------

  ALTER TABLE "CAPITALPROV" ADD CONSTRAINT "ID_CAPITALPROVLOCALIDAD_FK" FOREIGN KEY ("ID_LOCALIDAD")
	  REFERENCES "LOCALIDADES" ("ID_LOCALIDAD") ENABLE;
 
  ALTER TABLE "CAPITALPROV" ADD CONSTRAINT "ID_CAPITALPROVPROVINCIA_FK" FOREIGN KEY ("ID_PROVINCIA")
	  REFERENCES "PROVINCIAS" ("ID_PROVINCIA") ENABLE;
--------------------------------------------------------
--  Ref Constraints for Table LOCALIDADES
--------------------------------------------------------

  ALTER TABLE "LOCALIDADES" ADD CONSTRAINT "ID_LOCALPROVINCIA_FK" FOREIGN KEY ("ID_PROVINCIA")
	  REFERENCES "PROVINCIAS" ("ID_PROVINCIA") ENABLE;
--------------------------------------------------------
--  Ref Constraints for Table PROVINCIAS
--------------------------------------------------------

  ALTER TABLE "PROVINCIAS" ADD CONSTRAINT "ID_PROVCOMUNIDAD_FK" FOREIGN KEY ("ID_COMUNIDAD")
	  REFERENCES "COMUNIDADES" ("ID_COMUNIDAD") ENABLE;
